{
  "swagger": "2.0",
  "info": {
    "title": "ZITNPM002",
    "version": "1.0.0",
    "description": "ZITNPM002"
  },
  "paths": {
    "/ZITNPM002": {
      "post": {
        "operationId": "postZITNPM002",
        "responses": {
          "200": {
            "description": "The operation was successful.",
            "schema": {
              "$ref": "#/definitions/ResponseZITNPM002"
            }
          },
          "500": {
            "description": "Erro ao consultar ZITNPM002.",
            "schema": {
              "$ref": "#/definitions/ResponseZITNPM002"
            }
          }
        },
        "consumes": [
          "application/json"
        ],
        "produces": [
          "application/json"
        ],
        "description": "Insert a ZITNPM002",
        "parameters": [
          {
            "name": "body",
            "in": "body",
            "schema": {
              "$ref": "#/definitions/RequestZITNPM002"
            },
            "description": "The request body for the operation",
            "required": true
          }
        ]
      }
    }
  },
  "basePath": "/bapi_alm_order_oper_get_list/v2",
  "definitions": {
    "RequestZITNPM002": {
      "title": "RootType",
      "type": "object",
      "properties": {
        "numeroNota": {
          "example": "10000320",
          "type": "string"
        },
        "notifHeader": {
          "type": "object",
          "allOf": [
            {
              "$ref": "#/definitions/NotifHeader"
            },
            {
              "example": {
                "inicioDaAvariaData": "",
                "inicioDaAvariaHora": "",
                "fimDaAvariaData": "",
                "fimDaAvariaHora": "",
                "equipamento": "",
                "textoBreve": "",
                "centroDeTrabalho": "",
                "centroDePlanejamentoDeManutencao": "",
                "grupoDePlanejamentoParaServicosClienteEManutencao": "",
                "nomeDoAutorDaNota": ""
              }
            }
          ]
        },
        "notifHeader_x": {
          "type": "object",
          "allOf": [
            {
              "$ref": "#/definitions/NotifHeaderX"
            },
            {
              "example": {
                "inicioDaAvariaData_x": "",
                "inicioDaAvariaHora_x": "",
                "fimDaAvariaData_x": "",
                "fimDaAvariaHora_x": ""
              }
            }
          ]
        },
        "notifItem": {
          "example": [],
          "type": "array",
          "items": {
            "type": "string"
          }
        },
        "notifCaus": {
          "example": [],
          "type": "array",
          "items": {
            "type": "string"
          }
        },
        "notifActv": {
          "example": [],
          "type": "array",
          "items": {
            "type": "string"
          }
        },
        "notifAddHeader": {
          "type": "object",
          "allOf": [
            {
              "$ref": "#/definitions/NotifAddHeader"
            },
            {
              "example": {
                "notifAddHeader": {
                  "codigoDeUmaPosicao": ""
                }
              }
            }
          ]
        },
        "notifAddItem": {
          "example": [
            {
              "nuItemNoRegistroDoItem": "",
              "chaveDeObjeto": "",
              "nuOrdenacaoParaOItem": "1",
              "textoBreveReferenteAoItemDaNota": "teste",
              "grupoDeCodigosProblemas": "PN-ELE",
              "codigoDoProblemaOuDoDano": "0013",
              "grupoDeCodesPartesDeObjetos": "PN-002",
              "parteDoObjeto": "0007",
              "conjunto": "",
              "nuDeMaterialLongoParaOCampoAssembly": "",
              "guidExternoParaCampoAssembly": "",
              "nuDeVersaoParaCampoAssembly": "",
              "pontoDePartida": "",
              "pontoFinal": "",
              "comprimento": "",
              "unidadeDeMedidaParaDadosLineares": "",
              "codigoIsoDaUnidadeDeMedidaParaDadosLineares": "",
              "tipoDoPrimeiroDeslocamento": "",
              "valorDeslocamento1": "",
              "unidadeDeMedidaParaDeslocamento1": "",
              "unidadeDeMedidaParaDeslocamento1ComoCodigoIso": "",
              "tipoDoSegundoDeslocamento": "",
              "valorDeslocamento2": "",
              "unidadeDeMedidaParaDeslocamento2": "",
              "unidadeDeMedidaParaDeslocamento2ComoCodigoIso": "",
              "nuEquipamento": "",
              "localDeInstalacao": "",
              "marcadorParaOPontoDePartida": "",
              "distanciaEntreMarcadorEPontoDePartida": "",
              "marcadorParaOPontoFinal": "",
              "distanciaEntreMarcadorEPontoFinal": "",
              "unidadeDeMedidaParaADistanciaDoMarcador": "",
              "codigoIsoDaUnidadeDeMedidaParaADistanciaDoMarcador": ""
            }
          ],
          "type": "array",
          "items": {
            "$ref": "#/definitions/NotifAddItem"
          }
        },
        "notifAddCaus": {
          "example": [
            {
              "chaveDeObjeto": "",
              "numeroDeCausaAtual": "",
              "nuOrdenacaoParaACausa": "1",
              "nuItemNoRegistroDoItem": "1",
              "textoReferenteaCausa": "teste lucas",
              "grupoDeCodesCausa": "PN-MEC",
              "codigoDaCausa": "0009",
              "nuOrdenacaoParaOItem": "1"
            }
          ],
          "type": "array",
          "items": {
            "$ref": "#/definitions/NotifAddCau"
          }
        },
        "notifAddActv": {
          "example": [
            {
              "chaveDeObjeto": "",
              "nuSequencialDaAcao": "",
              "nuOrdenacaoParaAcao": "1",
              "textoDaAtividade": "teste",
              "grupoDeCodesAtividades": "PN-ELE",
              "codigoDaCausa": "0008",
              "dtaInicio": "",
              "horaInicioDaAcao": "",
              "dataFim": "",
              "horaFimDaAcao": "",
              "nuOrdenacaoParaOItem": "1"
            }
          ],
          "type": "array",
          "items": {
            "$ref": "#/definitions/NotifAddActv"
          }
        }
      },
      "required": [
        "numeroNota"
      ]
    },
    "NotifHeader": {
      "title": "NotifHeader",
      "type": "object",
      "properties": {
        "inicioDaAvariaData": {
          "type": "string"
        },
        "inicioDaAvariaHora": {
          "type": "string"
        },
        "fimDaAvariaData": {
          "type": "string"
        },
        "fimDaAvariaHora": {
          "type": "string"
        },
        "equipamento": {
          "type": "string"
        },
        "textoBreve": {
          "type": "string"
        },
        "centroDeTrabalho": {
          "type": "string"
        },
        "centroDePlanejamentoDeManutencao": {
          "type": "string"
        },
        "grupoDePlanejamentoParaServicosClienteEManutencao": {
          "type": "string"
        },
        "nomeDoAutorDaNota": {
          "type": "string"
        }
      }
    },
    "NotifHeaderX": {
      "title": "NotifHeaderX",
      "type": "object",
      "properties": {
        "inicioDaAvariaData_x": {
          "type": "string"
        },
        "inicioDaAvariaHora_x": {
          "type": "string"
        },
        "fimDaAvariaData_x": {
          "type": "string"
        },
        "fimDaAvariaHora_x": {
          "type": "string"
        }
      }
    },
    "NotifAddHeader": {
      "title": "NotifAddHeader",
      "type": "object",
      "properties": {
        "notifAddHeader": {
          "type": "object",
          "allOf": [
            {
              "$ref": "#/definitions/NotifAddHeader1"
            },
            {
              "example": {
                "codigoDeUmaPosicao": ""
              }
            }
          ]
        }
      },
      "required": [
        "notifAddHeader"
      ]
    },
    "NotifAddHeader1": {
      "title": "NotifAddHeader1",
      "type": "object",
      "properties": {
        "codigoDeUmaPosicao": {
          "type": "string"
        }
      },
      "required": [
        "codigoDeUmaPosicao"
      ]
    },
    "NotifAddItem": {
      "title": "NotifAddItem",
      "type": "object",
      "properties": {
        "nuItemNoRegistroDoItem": {
          "type": "string"
        },
        "chaveDeObjeto": {
          "type": "string"
        },
        "nuOrdenacaoParaOItem": {
          "example": "1",
          "type": "string"
        },
        "textoBreveReferenteAoItemDaNota": {
          "example": "teste",
          "type": "string"
        },
        "grupoDeCodigosProblemas": {
          "example": "PN-ELE",
          "type": "string"
        },
        "codigoDoProblemaOuDoDano": {
          "example": "0013",
          "type": "string"
        },
        "grupoDeCodesPartesDeObjetos": {
          "example": "PN-002",
          "type": "string"
        },
        "parteDoObjeto": {
          "example": "0007",
          "type": "string"
        },
        "conjunto": {
          "type": "string"
        },
        "nuDeMaterialLongoParaOCampoAssembly": {
          "type": "string"
        },
        "guidExternoParaCampoAssembly": {
          "type": "string"
        },
        "nuDeVersaoParaCampoAssembly": {
          "type": "string"
        },
        "pontoDePartida": {
          "type": "string"
        },
        "pontoFinal": {
          "type": "string"
        },
        "comprimento": {
          "type": "string"
        },
        "unidadeDeMedidaParaDadosLineares": {
          "type": "string"
        },
        "codigoIsoDaUnidadeDeMedidaParaDadosLineares": {
          "type": "string"
        },
        "tipoDoPrimeiroDeslocamento": {
          "type": "string"
        },
        "valorDeslocamento1": {
          "type": "string"
        },
        "unidadeDeMedidaParaDeslocamento1": {
          "type": "string"
        },
        "unidadeDeMedidaParaDeslocamento1ComoCodigoIso": {
          "type": "string"
        },
        "tipoDoSegundoDeslocamento": {
          "type": "string"
        },
        "valorDeslocamento2": {
          "type": "string"
        },
        "unidadeDeMedidaParaDeslocamento2": {
          "type": "string"
        },
        "unidadeDeMedidaParaDeslocamento2ComoCodigoIso": {
          "type": "string"
        },
        "nuEquipamento": {
          "type": "string"
        },
        "localDeInstalacao": {
          "type": "string"
        },
        "marcadorParaOPontoDePartida": {
          "type": "string"
        },
        "distanciaEntreMarcadorEPontoDePartida": {
          "type": "string"
        },
        "marcadorParaOPontoFinal": {
          "type": "string"
        },
        "distanciaEntreMarcadorEPontoFinal": {
          "type": "string"
        },
        "unidadeDeMedidaParaADistanciaDoMarcador": {
          "type": "string"
        },
        "codigoIsoDaUnidadeDeMedidaParaADistanciaDoMarcador": {
          "type": "string"
        }
      }
    },
    "NotifAddCau": {
      "title": "NotifAddCau",
      "type": "object",
      "properties": {
        "chaveDeObjeto": {
          "type": "string"
        },
        "numeroDeCausaAtual": {
          "type": "string"
        },
        "nuOrdenacaoParaACausa": {
          "example": "1",
          "type": "string"
        },
        "nuItemNoRegistroDoItem": {
          "example": "1",
          "type": "string"
        },
        "textoReferenteaCausa": {
          "example": "teste lucas",
          "type": "string"
        },
        "grupoDeCodesCausa": {
          "example": "PN-MEC",
          "type": "string"
        },
        "codigoDaCausa": {
          "example": "0009",
          "type": "string"
        },
        "nuOrdenacaoParaOItem": {
          "example": "1",
          "type": "string"
        }
      }
    },
    "NotifAddActv": {
      "title": "NotifAddActv",
      "type": "object",
      "properties": {
        "chaveDeObjeto": {
          "type": "string"
        },
        "nuSequencialDaAcao": {
          "type": "string"
        },
        "nuOrdenacaoParaAcao": {
          "example": "1",
          "type": "string"
        },
        "textoDaAtividade": {
          "example": "teste",
          "type": "string"
        },
        "grupoDeCodesAtividades": {
          "example": "PN-ELE",
          "type": "string"
        },
        "codigoDaCausa": {
          "example": "0008",
          "type": "string"
        },
        "dtaInicio": {
          "type": "string"
        },
        "horaInicioDaAcao": {
          "type": "string"
        },
        "dataFim": {
          "type": "string"
        },
        "horaFimDaAcao": {
          "type": "string"
        },
        "nuOrdenacaoParaOItem": {
          "example": "1",
          "type": "string"
        }
      }
    },
    "ResponseZITNPM002": {
      "title": "Response",
      "type": "object",
      "properties": {
        "Result": {
          "type": "object",
          "properties": {
            "code": {
              "type": "string"
            },
            "message": {
              "type": "string"
            }
          }
        },
        "SapReturn": {
          "type": "array",
          "items": {
            "type": "object",
            "properties": {
              "classeDeMensagem": {
                "type": "string"
              },
              "ctgMensSSucessoEErroWAvisoIInformACancel": {
                "type": "string"
              },
              "linhaEmParametro": {
                "type": "string"
              },
              "logDeAplicacaoNu0SequencialInternoDaMensagem": {
                "type": "string"
              },
              "nu0Mensagem": {
                "type": "string"
              },
              "sistemaSistemaLogicoDoQualProvemAMensagem": {
                "type": "string"
              },
              "textoDeMensagem": {
                "type": "string"
              },
              "variavelMensagens": {
                "type": "string"
              },
              "variavelMensagens32": {
                "type": "string"
              }
            }
          }
        }
      }
    }
  }
}